{"minzoom":0,"maxzoom":8,"center":[-10.546875,14.603795,8.0],"bounds":[-12.238341,10.136487,4.244974,25.000172]}