{"minzoom":0,"maxzoom":9,"center":[-10.898437,14.944516,9.0],"bounds":[-12.238341,10.136487,4.244974,25.000172]}